Station	Famille de polluant	Polluant	Mesure	Unité	janv-04	févr-04	mars-04	avr-04	mai-04	juin-04	juil-04	août-04	sept-04	oct-04	nov-04	déc-04	janv-05	févr-05	mars-05	avr-05	mai-05	juin-05	juil-05	août-05	sept-05	oct-05	nov-05	déc-05	janv-06	févr-06	mars-06	avr-06	mai-06	juin-06	juil-06	août-06	sept-06	oct-06	nov-06	déc-06	janv-07	févr-07	mars-07	avr-07	mai-07	juin-07	juil-07	août-07	sept-07	oct-07	nov-07	déc-07	janv-08	févr-08	mars-08	avr-08	mai-08	juin-08	juil-08	août-08	sept-08	oct-08	nov-08	déc-08	janv-09	févr-09	mars-09	avr-09	mai-09	juin-09	juil-09	août-09	sept-09	oct-09	nov-09	déc-09	janv-10	févr-10	mars-10	avr-10	mai-10	juin-10	juil-10	août-10	sept-10	oct-10	nov-10	déc-10	janv-11	févr-11	mars-11	avr-11	mai-11	juin-11	juil-11	août-11	sept-11	oct-11	nov-11	déc-11	janv-12	févr-12	mars-12	avr-12	mai-12	juin-12	juil-12	août-12	sept-12	oct-12	nov-12	déc-12	janv-13	févr-13	mars-13	avr-13	mai-13	juin-13	juil-13	août-13	sept-13	oct-13	nov-13	déc-13	janv-14	févr-14	mars-14	avr-14	mai-14	juin-14	juil-14	août-14	sept-14	oct-14	nov-14	déc-14	janv-15	févr-15	mars-15	avr-15	mai-15	juin-15	juil-15	août-15	sept-15	oct-15	nov-15	déc-15
Fontaine les Balmes	En continu	Dioxyde d'azote	Dioxyde d'azote	microg/m3	-	46	37	26	20	-	19	16	23	29	34	42	46	41	34	26	20	18	16	16	22	28	35	40	50	42	33	21	17	16	16	11	20	26	32	40	39	44	27	25	18	16	13	13	19	27	32	40	48	47	27	21	15	16	13	10	18	26	31	39	42	31	27	20	16	13	12	13	18	25	36	35	46	39	23	20	15	12	10	10	15	22	28	40	36	39	28	14	10	12	12	11	17	23	41	38	39	35	24	15	14	16	12	11	16	23	31	27	28	26	23	15	9	9	10	8	13	16	-	42	35	30	26	18	13	14	14	13	18	22	34	36	39	34	28	15	13	14	14	13	15	25	34	45
Fontaine les Balmes	En continu	Monoxyde d'azote	Monoxyde d'azote	microg/m3	-	21	8	3	2	-	1	2	5	12	32	35	34	15	7	5	2	1	2	2	6	13	24	21	32	16	7	4	3	2	1	2	3	10	23	34	31	20	5	4	2	3	3	2	5	11	18	29	30	19	5	2	2	2	2	1	6	12	15	19	20	7	4	2	1	1	1	1	4	7	21	14	17	9	4	2	2	2	1	1	3	8	12	21	17	15	5	2	1	1	1	1	3	7	31	21	21	8	4	2	1	4	2	1	3	11	25	20	23	16	11	7	4	4	4	3	7	10	-	34	22	7	4	4	2	2	2	2	4	8	23	28	22	9	6	2	1	2	1	1	3	10	23	52
Fontaine les Balmes	En continu	Ozone	Ozone	microg/m3	24	28	50	62	76	77	85	67	54	24	13	10	12	29	51	66	74	83	76	56	42	20	14	13	11	25	48	61	64	91	92	59	51	29	26	12	14	20	51	73	62	63	65	56	46	23	20	13	15	25	52	69	66	61	63	55	26	14	14	7	13	30	33	50	55	56	59	56	-	32	19	18	16	33	49	72	56	68	85	61	50	28	22	17	21	24	42	-	-	63	64	69	43	28	11	18	16	32	56	63	65	60	66	75	47	23	19	19	15	34	45	57	59	67	82	73	45	23	15	20	19	36	52	66	68	82	59	56	47	27	12	15	19	28	40	67	69	74	89	68	54	21	15	-
Fontaine les Balmes	En continu	Particules PM10	Particules PM10	microg/m3	-	-	-	-	-	-	-	-	-	-	-	-	-	-	-	-	-	-	-	-	-	-	-	-	-	-	-	-	-	-	-	-	-	-	-	-	33	34	29	33	21	19	19	21	23	33	29	41	32	42	19	16	19	21	21	17	22	32	27	31	48	30	31	29	30	25	23	23	31	29	31	28	35	30	28	25	20	23	26	17	17	23	19	28	35	41	34	23	19	15	15	21	20	21	38	22	26	38	25	17	18	24	21	24	26	24	27	22	30	31	26	22	11	18	24	21	17	19	21	31	21	15	27	22	13	19	16	17	24	20	24	19	18	24	27	15	17	16	23	19	17	25	26	34
Saint-Martin d'Heres	En continu	Dioxyde d'azote	Dioxyde d'azote	microg/m3	41	45	38	30	23	21	21	19	-	27	35	42	54	47	48	30	23	21	20	21	29	32	39	44	56	47	41	27	21	19	21	13	26	30	36	40	44	51	35	29	19	17	18	15	24	32	33	42	48	54	32	22	18	13	13	11	23	30	36	46	51	39	31	19	18	14	13	16	23	31	40	41	54	45	36	24	19	19	14	16	23	28	37	48	44	52	37	21	16	15	14	14	22	26	44	42	41	40	34	17	15	15	14	15	22	26	32	41	43	-	35	23	13	14	13	12	19	21	31	46	39	34	34	21	14	14	12	12	20	28	36	36	42	44	33	21	16	15	12	14	20	32	43	58
Saint-Martin d'Heres	En continu	Monoxyde d'azote	Monoxyde d'azote	microg/m3	48	60	19	7	3	3	2	2	-	23	72	53	79	35	23	8	3	2	2	2	10	24	43	32	59	29	12	6	3	1	1	2	5	18	49	53	53	45	14	6	2	2	2	2	6	22	26	44	53	48	12	4	3	2	2	2	9	20	26	35	39	18	11	3	1	1	1	1	3	14	36	22	37	12	7	3	1	1	1	2	5	14	23	30	34	32	10	4	2	2	2	2	6	14	60	40	40	16	15	3	2	2	1	1	5	19	37	26	27	-	8	4	2	1	1	1	5	10	21	-	38	11	10	4	1	1	1	1	5	17	42	38	35	17	10	3	1	1	0	1	3	17	50	103
Saint-Martin d'Heres	En continu	Ozone	Ozone	microg/m3	16	16	41	52	62	65	74	-	-	14	10	8	12	29	35	51	63	74	66	49	33	15	11	11	9	20	41	52	55	83	83	53	39	21	22	11	11	16	39	60	53	56	59	51	37	15	16	11	13	17	42	58	60	59	63	50	30	15	13	6	14	25	43	60	62	67	70	66	40	25	12	11	10	27	39	63	52	63	82	55	38	22	18	13	16	17	30	59	63	50	44	61	35	21	9	13	12	25	42	56	66	60	63	62	35	16	16	13	10	24	32	47	50	58	70	57	34	18	14	15	13	30	43	56	61	77	56	50	39	20	11	12	20	29	37	66	66	73	91	63	47	17	9	4
Saint-Martin d'Heres	En continu	Particules PM10	Particules PM10	microg/m3	-	-	-	-	-	-	-	-	-	-	-	-	-	-	-	-	-	-	-	-	-	-	-	-	-	-	-	-	-	-	-	-	-	-	-	-	39	43	34	33	22	18	18	17	24	37	32	42	39	52	18	16	23	21	22	18	25	34	30	33	51	34	30	29	30	25	24	23	28	32	35	32	38	31	34	-	17	22	24	18	17	21	23	30	41	49	36	22	17	12	13	16	16	23	44	27	31	44	33	17	20	22	20	23	23	25	28	23	32	33	27	23	11	18	23	20	20	18	23	37	25	16	29	23	14	19	16	17	24	-	23	20	21	22	25	13	13	13	18	14	13	21	25	32
Grenoble Rocade Sud	Volatil	Benzène	Benzène	microg/m3	2,9	3	2,1	1,4	0,9	1,6	1,2	1,2	-	-	3,2	3,5	3,4	2,7	1,8	1,2	0,9	1,2	1,2	1	1,5	1,9	2,4	2,6	3,5	2,6	-	1,5	1,1	-	0,9	0,9	1,3	-	-	2,9	2,6	2,7	1,6	1,2	0,9	0,7	0,8	0,8	1	1,6	2	2,8	2,7	2,2	1,2	0,9	0,5	0,3	-	-	-	-	-	-	-	-	-	-	-	-	-	-	-	-	-	-	-	-	-	-	-	-	-	-	-	-	-	-	-	-	-	-	-	-	-	-	-	-	-	-	-	-	-	-	-	-	-	-	-	-	-	-	-	-	-	-	-	-	-	-	-	-	-	-	-	-	-	-	-	-	-	-	-	-	-	-	-	-	-	-	-	-	-	-	-	-	-	-
Grenoble Rocade Sud	Hydrocarbure	Benzo(a)anthracène	Benzo(a)anthracène	nanog/m3	-	-	-	-	-	-	-	-	-	-	-	-	-	-	-	-	-	-	-	-	-	-	-	-	-	-	-	-	-	-	-	-	-	-	-	-	-	-	-	-	-	-	-	-	-	-	-	-	-	-	-	-	-	-	-	-	-	-	-	-	-	-	-	-	-	-	-	-	-	-	-	-	-	-	-	-	-	-	-	-	-	-	-	-	-	-	-	-	-	-	-	-	-	-	-	-	-	0,56	0,2	0,1	0,06	0,06	0,04	0,05	0,07	0,2	0,84	0,96	0,54	0,49	0,43	0,11	0,05	0,05	0,03	0,03	0,05	0,07	0,39	1,35	0,54	0,24	0,13	0,09	0,04	0,04	0,06	0,04	0,05	0,22	0,47	0,84	0,817	0,342	0,174	0,089	0,053	0,051	0,034	0,07	0,07	0,244	0,601	1,113
Grenoble Rocade Sud	En différé	Benzo(a)pyrène	Benzo(a)pyrène	nanog/m3	-	-	-	-	-	-	-	-	-	-	-	-	-	-	-	-	-	-	-	-	-	-	-	-	-	-	-	-	-	-	-	-	-	-	-	-	-	-	-	-	-	-	-	-	-	-	-	-	-	-	-	-	-	-	-	-	-	-	-	-	-	-	-	-	-	-	-	-	-	-	-	-	-	-	-	-	-	-	-	-	-	-	-	-	-	-	-	-	-	-	-	-	-	-	-	-	-	0,49	0,21	0,08	0,06	0,05	0,02	0,04	0,05	0,24	1,07	1,06	0,48	0,53	0,74	0,1	0,04	0,04	0,02	0,02	0,04	0,05	0,53	1,89	0,86	0,32	0,15	0,08	0,03	0,03	0,05	0,03	0,03	0,3	0,82	1,06	1,685	0,415	0,25	0,072	0,032	0,037	0,028	0,063	0,052	0,397	0,934	1,785
Grenoble Rocade Sud	Hydrocarbure	Benzo(b)fluoranthène	Benzo(b)fluoranthène	nanog/m3	-	-	-	-	-	-	-	-	-	-	-	-	-	-	-	-	-	-	-	-	-	-	-	-	-	-	-	-	-	-	-	-	-	-	-	-	-	-	-	-	-	-	-	-	-	-	-	-	-	-	-	-	-	-	-	-	-	-	-	-	-	-	-	-	-	-	-	-	-	-	-	-	-	-	-	-	-	-	-	-	-	-	-	-	-	-	-	-	-	-	-	-	-	-	-	-	-	1,01	0,35	0,17	0,11	0,12	0,06	0,07	0,11	0,3	1,02	1,1	0,78	0,82	0,74	0,22	0,08	0,08	0,04	0,05	0,09	0,1	0,58	1,67	0,81	0,36	0,29	0,15	0,07	0,06	0,07	0,05	0,1	0,33	0,87	1,23	1,796	0,579	0,384	0,139	0,085	0,066	0,053	0,092	0,091	0,425	0,967	1,74
Grenoble Rocade Sud	Hydrocarbure	Benzo(j)fluoranthène	Benzo(j)fluoranthène	nanog/m3	-	-	-	-	-	-	-	-	-	-	-	-	-	-	-	-	-	-	-	-	-	-	-	-	-	-	-	-	-	-	-	-	-	-	-	-	-	-	-	-	-	-	-	-	-	-	-	-	-	-	-	-	-	-	-	-	-	-	-	-	-	-	-	-	-	-	-	-	-	-	-	-	-	-	-	-	-	-	-	-	-	-	-	-	-	-	-	-	-	-	-	-	-	-	-	-	-	0,46	0,21	0,1	0,04	0,06	0,03	0,03	0,06	0,2	0,7	0,74	0,56	0,56	0,5	0,13	0,04	0,04	0,02	0,02	0,04	0,06	0,39	1,11	0,59	0,27	0,19	0,09	0,04	0,03	0,04	0,02	0,04	0,19	0,51	0,75	0,995	0,374	0,256	0,1	0,053	0,041	0,027	0,053	0,06	0,251	0,609	1,205
Grenoble Rocade Sud	Hydrocarbure	Benzo(k)fluoranthène	Benzo(k)fluoranthène	nanog/m3	-	-	-	-	-	-	-	-	-	-	-	-	-	-	-	-	-	-	-	-	-	-	-	-	-	-	-	-	-	-	-	-	-	-	-	-	-	-	-	-	-	-	-	-	-	-	-	-	-	-	-	-	-	-	-	-	-	-	-	-	-	-	-	-	-	-	-	-	-	-	-	-	-	-	-	-	-	-	-	-	-	-	-	-	-	-	-	-	-	-	-	-	-	-	-	-	-	0,4	0,15	0,07	0,04	0,05	0,02	0,03	0,04	0,13	0,49	0,52	0,35	0,36	0,37	0,09	0,03	0,03	0,01	0,02	0,03	0,04	0,26	0,76	0,37	0,17	0,12	0,06	0,03	0,02	0,03	0,02	0,03	0,15	0,4	0,55	0,821	0,268	0,17	0,059	0,033	0,024	0,017	0,036	0,037	0,185	0,439	0,775
Grenoble Rocade Sud	Hydrocarbure	Dibenzo(a,h)anthracène	Dibenzo(a,h)anthracène	nanog/m3	-	-	-	-	-	-	-	-	-	-	-	-	-	-	-	-	-	-	-	-	-	-	-	-	-	-	-	-	-	-	-	-	-	-	-	-	-	-	-	-	-	-	-	-	-	-	-	-	-	-	-	-	-	-	-	-	-	-	-	-	-	-	-	-	-	-	-	-	-	-	-	-	-	-	-	-	-	-	-	-	-	-	-	-	-	-	-	-	-	-	-	-	-	-	-	-	-	0,05	0,03	0,01	0,01	0,01	0,01	0,01	0,01	0,02	0,06	0,06	0,04	0,05	0,06	0,02	0,01	0,01	0,01	0,01	0,01	0,01	0,06	0,2	0,11	0,07	0,04	0,02	0,01	0,01	0,01	0,01	0,01	0,02	0,05	0,07	0,095	0,036	0,025	0,008	0,007	0,007	0,007	0,007	0,007	0,02	0,047	0,075
Grenoble Rocade Sud	En continu	Dioxyde d'azote	Dioxyde d'azote	microg/m3	57	60	59	50	50	53	54	49	-	51	46	60	66	64	65	55	52	55	52	48	59	56	57	60	73	68	67	54	51	56	54	-	59	51	56	62	63	66	57	59	51	52	51	46	55	55	56	68	69	70	60	60	49	52	51	43	54	54	58	67	68	62	61	57	51	44	45	50	63	54	57	59	61	58	54	48	42	44	44	41	46	42	51	60	50	65	55	44	44	40	43	37	45	43	46	58	60	63	58	46	42	46	46	49	50	49	46	56	58	60	56	53	46	48	48	43	46	46	49	53	56	52	55	51	45	48	43	37	45	44	45	52	59	62	55	51	48	47	55	49	49	52	50	53
Grenoble Rocade Sud	Hydrocarbure	Indéno(1,2,3-cd)pyrène	Indéno(1,2,3-cd)pyrène	nanog/m3	-	-	-	-	-	-	-	-	-	-	-	-	-	-	-	-	-	-	-	-	-	-	-	-	-	-	-	-	-	-	-	-	-	-	-	-	-	-	-	-	-	-	-	-	-	-	-	-	-	-	-	-	-	-	-	-	-	-	-	-	-	-	-	-	-	-	-	-	-	-	-	-	-	-	-	-	-	-	-	-	-	-	-	-	-	-	-	-	-	-	-	-	-	-	-	-	-	0,69	0,24	0,12	0,06	0,05	0,02	0,03	0,07	0,22	0,88	0,91	0,58	0,6	0,76	0,14	0,04	0,03	0,02	0,02	0,04	0,04	0,46	1,31	0,67	0,31	0,2	0,09	0,04	0,03	0,04	0,02	0,04	0,27	0,75	0,96	1,528	0,441	0,314	0,091	0,052	0,039	0,026	0,063	0,059	0,325	0,707	1,388
Grenoble Rocade Sud	En continu	Monoxyde d'azote	Monoxyde d'azote	microg/m3	109	97	72	56	47	50	44	45	-	75	109	103	110	80	68	49	46	40	42	41	62	82	92	89	108	86	66	49	44	39	28	41	57	63	80	100	103	85	52	41	44	44	44	38	55	70	77	92	106	75	60	59	37	44	36	32	56	70	73	87	81	67	54	44	37	34	33	26	43	65	81	79	75	58	53	43	43	39	31	33	50	58	71	90	76	86	54	37	34	35	36	27	43	61	83	77	83	66	44	38	31	40	32	28	41	64	79	78	81	68	54	47	44	37	29	27	44	64	75	98	92	61	45	46	39	34	38	30	46	60	85	94	89	70	51	40	38	30	26	26	40	63	81	125
Grenoble Rocade Sud	En continu	Particules PM10	Particules PM10	microg/m3	-	-	-	-	-	-	-	-	-	-	-	-	-	-	-	-	-	-	-	-	-	-	-	-	-	-	-	-	-	-	-	-	-	-	-	-	48	47	39	49	34	28	28	29	39	49	44	59	56	68	34	33	34	32	31	26	33	39	36	38	57	42	40	38	31	25	27	-	32	30	33	-	45	43	46	35	-	29	33	27	40	37	28	39	49	61	48	31	28	24	23	30	25	27	46	30	38	57	38	25	23	28	26	32	28	35	35	31	42	47	44	37	23	27	35	29	28	22	30	45	33	25	39	31	19	29	24	20	28	28	31	29	34	37	38	29	26	28	31	26	24	32	30	39
Grenoble Rocade Sud	En continu	Particules PM2,5	Particules PM2.5	microg/m3	-	-	-	-	-	-	-	-	-	-	-	-	-	-	-	-	-	-	-	-	-	-	-	-	-	-	-	-	-	-	-	-	-	-	-	-	36	37	29	34	24	20	18	20	23	35	34	53	43	50	24	23	23	22	20	18	22	27	27	28	45	27	25	25	18	16	16	16	21	22	25	25	-	31	27	21	19	-	21	16	16	20	19	29	34	39	33	18	17	14	14	15	16	19	35	24	29	42	27	16	16	18	18	20	19	21	28	24	31	34	30	26	15	20	26	21	19	11	20	28	19	11	21	13	11	16	13	11	15	14	21	19	23	23	25	16	15	17	21	18	14	22	19	29
Grenoble Rocade Sud	Volatil	Toluène	Toluène	microg/m3	21,3	23,8	15,6	11,6	8,9	12,9	9,8	10,7	-	-	29,8	33,4	37,3	19,4	13,6	10,5	8,6	8,4	8,9	11	17,8	22,8	19,5	15,1	41,1	19,2	-	13,3	9,3	-	7,4	4,8	9	-	-	22,2	28,6	17,4	7,4	7,2	5,3	4,7	8,2	6,2	7,4	10,8	8,5	11,6	13,2	12,3	5,3	4,5	3,9	3,3	-	-	-	-	-	-	-	-	-	-	-	-	-	-	-	-	-	-	-	-	-	-	-	-	-	-	-	-	-	-	-	-	-	-	-	-	-	-	-	-	-	-	-	-	-	-	-	-	-	-	-	-	-	-	-	-	-	-	-	-	-	-	-	-	-	-	-	-	-	-	-	-	-	-	-	-	-	-	-	-	-	-	-	-	-	-	-	-	-	-
Grenoble les Frenes	Métaux lourds	Antimoine	Antimoine	nanog/m3	-	-	-	-	-	-	-	-	-	-	-	-	-	-	-	-	-	-	-	-	-	-	-	-	-	-	-	-	-	-	-	-	-	-	-	-	-	-	-	-	-	-	-	-	-	-	-	-	6	7	2,9	1,9	1,9	1,7	1,9	1,5	-	-	1,6	1,9	1,9	1,7	1,4	1,6	1,3	1,5	1	1,4	2	3,5	3,2	2,3	2,9	1,5	1,5	1,8	1,5	1,6	6,3	2,2	2,9	3,7	2,2	3,7	2,6	3,5	2,3	1,8	2,1	6	1,2	1,2	1,4	3,4	3,8	2,4	1,6	1,8	2	0,8	1,1	1,3	0,9	2	2,4	1,6	2,4	1,3	1,4	1,1	1,3	1,6	1	1,1	2,1	1,1	2,7	1,5	1,8	3,5	2,29	2,56	2,72	2,13	1,34	2,33	1,71	1,88	2,24	2,21	2,11	2,54	4,03	2,16	2,28	1,35	1,47	1,68	2,31	1,44	2,25	2,42	2,51	3,82
Grenoble les Frenes	En différé, métaux lourds	Arsenic	Arsenic	nanog/m3	-	-	-	-	-	-	-	-	-	-	-	-	-	-	-	-	-	-	-	-	-	-	-	-	-	-	-	-	-	-	-	-	-	-	-	-	0,8	1	0,7	0,7	0,4	0,4	0,6	0,4	0,4	0,8	0,9	1,3	1,2	1,5	0,7	0,4	1,1	1	0,4	0,3	-	-	0,9	0,7	1	0,5	0,4	0,4	0,3	0,2	0,2	0,3	0,8	0,6	0,7	0,5	0,7	0,9	0,4	0,6	0,4	0,3	0,4	0,2	0,5	0,6	0,5	0,9	1,7	1,1	0,5	0,5	0,4	0,4	0,3	0,3	0,3	0,6	1,4	0,8	0,9	1,5	0,6	0,4	0,3	0,3	0,3	0,3	0,6	0,5	0,7	0,6	0,8	1,1	0,6	0,4	0,3	0,3	0,3	0,3	0,4	0,4	0,9	1,1	0,64	0,38	0,62	0,41	0,24	0,43	0,25	0,33	0,43	0,49	0,57	0,65	0,58	0,61	0,44	0,53	0,32	0,28	0,36	0,3	0,31	0,61	0,95	1,29
Grenoble les Frenes	Métaux lourds	Baryum	Baryum	nanog/m3	-	-	-	-	-	-	-	-	-	-	-	-	-	-	-	-	-	-	-	-	-	-	-	-	-	-	-	-	-	-	-	-	-	-	-	-	-	-	-	-	-	-	-	-	-	-	-	-	39,8	19,7	15	7,6	3,2	3,4	4,8	4,9	-	-	6,5	7,6	6,7	5,5	4,6	4,1	4,5	3,8	4,1	5,2	8,2	8,5	10,6	6,2	6,8	5	7,2	7,4	5,5	4,5	6,4	6,4	14,6	10,2	11	20,2	9,4	8,2	16,6	12,7	9,9	8,7	10,1	10,3	11,9	10,5	18,5	24,4	22,8	10,8	19,8	7,5	12,7	11,7	9,5	11,3	15,8	9,6	8,1	6	7	14,2	9,2	13,2	12,6	34,5	16,9	15,3	24,3	35,6	16	37,8	19,56	32,27	19,92	14,43	11,86	20,7	15,84	17,04	11,99	9,38	7,94	11,34	8,47	6,95	8,24	7,56	7,89	8,32	9,5	7,07	7,87	8,8	11,44	17,37
Grenoble les Frenes	Volatil	Benzène	Benzène	microg/m3	-	-	-	-	-	-	-	-	-	-	-	-	-	-	-	-	-	-	-	-	-	-	-	-	-	-	-	-	-	-	-	-	-	-	-	-	2,4	2,1	1,5	0,8	0,7	0,6	0,5	0,5	0,7	1,5	1,8	2,7	-	2,4	1,2	0,8	0,7	0,5	0,6	0,5	0,8	1,1	1,1	1,8	2	1,3	1	0,8	0,6	0,6	0,6	0,7	0,9	1	1,6	1,5	1,8	1,9	1,2	0,9	0,7	0,6	0,7	0,7	0,7	1	1,1	1,7	-	-	-	-	-	-	-	-	-	-	-	-	-	-	-	-	-	-	-	-	-	-	-	-	1,7	1,8	1,5	0,9	0,6	0,5	0,5	0,7	0,9	1	1,2	1,97	1,49	1,09	1,21	0,73	0,46	0,54	-	0,62	0,65	0,8	1,33	1,56	1,45	1,45	1,19	0,76	0,53	0,43	0,5	0,51	0,5	1,04	1,39	1,92
Grenoble les Frenes	Hydrocarbure	Benzo(a)anthracène	Benzo(a)anthracène	nanog/m3	-	-	-	-	-	-	-	-	-	-	-	-	-	-	-	-	-	-	-	-	-	-	-	-	-	-	-	-	-	-	-	-	-	-	-	-	0,76	1,12	0,15	-	0,03	0,02	0,05	0,03	0,06	0,3	0,53	1,04	1,28	1,03	0,26	0,13	0,08	0,04	0,01	0,03	0,09	0,18	0,5	0,77	0,77	0,32	0,11	0,01	0,02	0,06	0,03	0,04	0,07	0,14	0,53	0,88	1,27	0,69	0,25	0,07	0,05	0,03	0,13	0,03	0,06	0,14	0,32	0,99	0,78	1,18	0,21	0,05	0,03	0,03	0,02	0,02	0,05	0,18	0,91	0,79	0,94	0,67	0,15	0,1	-	0,05	0,04	0,02	0,05	0,23	0,75	0,79	0,51	0,36	0,13	0,06	0,02	0,01	0,01	0,01	0,1	0,08	0,29	0,88	0,45	0,19	0,06	0,05	0,04	0,01	0,01	0,02	0,02	0,07	0,328	0,368	0,528	0,373	0,109	0,038	0,018	0,008	0,013	0,015	0,022	0,084	0,362	1,094
Grenoble les Frenes	En différé	Benzo(a)pyrène	Benzo(a)Pyrène	nanog/m3	-	-	-	-	-	-	-	-	-	-	-	-	-	-	-	-	-	-	-	-	-	-	-	-	-	-	-	-	-	-	-	-	-	-	-	-	0,97	1,51	0,26	-	0,05	0,04	0,08	0,06	0,08	0,48	0,8	1,12	1,5	1,43	0,3	0,19	0,09	0,05	0,02	0,04	0,17	0,32	0,84	1,23	1,13	0,56	0,25	0,07	0,03	0,08	0,03	0,03	0,08	0,21	0,78	1,03	1,3	0,78	0,34	0,09	0,06	0,04	0,1	0,03	0,06	0,17	0,43	1,17	0,94	1,27	0,28	0,05	0,03	0,04	0,02	0,03	0,05	0,31	1,17	0,94	1,22	0,65	0,17	0,09	-	0,05	0,04	0,03	0,05	0,29	0,95	0,94	0,93	0,76	0,34	0,13	0,05	0,03	0,02	0,02	0,15	0,13	0,61	1,34	0,94	0,34	0,14	0,07	0,05	0,02	0,03	0,04	0,04	0,17	0,891	0,866	0,892	0,476	0,207	0,052	0,024	0,01	0,015	0,025	0,023	0,203	0,684	1,965
Grenoble les Frenes	Hydrocarbure	Benzo(b)fluoranthène	Benzo(b)fluoranthène	nanog/m3	-	-	-	-	-	-	-	-	-	-	-	-	-	-	-	-	-	-	-	-	-	-	-	-	-	-	-	-	-	-	-	-	-	-	-	-	1,49	2,21	0,44	-	0,14	0,12	0,15	0,17	0,17	0,74	1,56	1,87	2,01	1,9	0,53	0,31	0,29	0,16	0,06	0,1	0,27	0,55	1,28	1,91	1,63	0,96	0,4	0,15	0,07	0,14	0,06	0,07	0,13	0,3	1,02	1,4	1,89	1,13	0,55	0,18	0,16	0,1	0,28	0,09	0,13	0,3	0,6	1,44	1,2	1,59	0,5	0,15	0,1	0,08	0,07	0,09	0,12	0,39	1,43	1,17	1,65	1,28	0,39	0,22	-	0,16	0,1	0,06	0,12	0,38	1,01	1,13	1,27	1,08	0,55	0,26	0,08	0,08	0,04	0,05	0,25	0,22	0,8	1,62	1,08	0,49	0,3	0,15	0,08	0,03	0,04	0,08	0,08	0,24	0,944	1,053	1,081	0,773	0,359	0,105	0,069	0,031	0,041	0,063	0,056	0,274	0,754	1,904
Grenoble les Frenes	Hydrocarbure	Benzo(j)fluoranthène	Benzo(j)fluoranthène	nanog/m3	-	-	-	-	-	-	-	-	-	-	-	-	-	-	-	-	-	-	-	-	-	-	-	-	-	-	-	-	-	-	-	-	-	-	-	-	0,71	1,25	0,18	-	0,06	0,03	0,09	0,04	0,07	0,27	0,73	2,18	1,86	0,85	0,45	0,28	0,1	0,11	0,03	0,05	0,12	0,33	0,43	1,84	1,37	0,98	0,25	0,09	0,02	0,06	0,03	0,04	0,08	0,17	0,59	0,79	1,06	0,65	0,3	0,1	0,07	0,05	0,2	0,03	0,06	0,16	0,35	0,94	0,8	1,01	0,31	0,07	0,05	0,04	0,02	0,03	0,06	0,23	0,88	0,75	0,97	0,72	0,21	0,13	-	0,07	0,06	0,03	0,07	0,23	0,73	0,67	0,71	0,62	0,31	0,15	0,04	0,04	0,01	0,02	0,12	0,11	0,42	0,91	0,61	0,25	0,15	0,06	0,05	0,01	0,01	0,04	0,05	0,15	0,524	0,582	0,685	0,601	0,238	0,075	0,047	0,016	0,022	0,035	0,036	0,21	0,573	1,369
Grenoble les Frenes	Hydrocarbure	Benzo(k)fluoranthène	Benzo(k)fluoranthène	nanog/m3	-	-	-	-	-	-	-	-	-	-	-	-	-	-	-	-	-	-	-	-	-	-	-	-	-	-	-	-	-	-	-	-	-	-	-	-	0,59	0,88	0,16	-	0,05	0,04	0,05	0,05	0,05	0,26	0,55	0,71	0,82	0,7	0,19	0,11	0,08	0,05	0,01	0,03	0,09	0,2	0,47	0,71	0,66	0,35	0,16	0,05	0,03	0,05	0,03	0,03	0,05	0,12	0,44	0,61	0,79	0,48	0,22	0,06	0,05	0,03	0,11	0,02	0,05	0,11	0,26	0,63	0,52	0,63	0,21	0,05	0,03	0,03	0,02	0,03	0,04	0,17	0,6	0,52	0,71	0,51	0,15	0,08	-	0,06	0,03	0,03	0,05	0,16	0,48	0,52	0,49	0,42	0,21	0,09	0,03	0,03	0,01	0,02	0,08	0,08	0,31	0,63	0,42	0,18	0,11	0,05	0,03	0,02	0,02	0,03	0,03	0,09	0,391	0,417	0,49	0,347	0,149	0,043	0,028	0,011	0,018	0,024	0,022	0,121	0,353	0,881
Grenoble les Frenes	En différé, métaux lourds	Cadmium	Cadmium	nanog/m3	-	-	-	-	-	-	-	-	-	-	-	-	-	-	-	-	-	-	-	-	-	-	-	-	-	-	-	-	-	-	-	-	-	-	-	-	0,5	0,4	0,2	0,3	0,3	0,2	0,2	0,1	0,2	0,4	0,5	0,9	0,7	0,7	0,2	0,2	0,1	0,1	0,1	0,1	-	-	0,3	0,2	0,4	0,2	0,2	0,1	0,1	0,1	0,1	0,1	0,2	0,2	0,3	0,2	0,2	0,2	0,1	0,2	0,1	0,1	0,2	0,1	0,1	0,2	0,1	0,2	0,3	0,2	0,1	0,1	0,1	0,1	0,1	0,1	0,1	0,1	0,2	0,2	0,2	0,3	0,1	0,1	0,1	0,1	0,1	0,2	0,1	0,1	0,2	0,2	0,3	0,2	0,2	0,1	0,1	0,1	0,1	0,1	0,1	0,1	0,2	0,4	0,13	0,08	0,14	0,1	0,1	0,1	0,13	0,09	0,1	0,21	0,15	0,15	0,28	0,2	0,13	0,07	0,05	0,05	0,06	0,05	0,06	0,14	0,34	0,24
Grenoble les Frenes	Métaux lourds	Chrome	Chrome	nanog/m3	-	-	-	-	-	-	-	-	-	-	-	-	-	-	-	-	-	-	-	-	-	-	-	-	-	-	-	-	-	-	-	-	-	-	-	-	5,7	4,3	4	3,9	2,9	3,5	3	3,2	3,6	4	4,3	7,1	5,8	6,7	5,9	2,3	2,5	2,3	1,9	1,9	-	-	2,7	3	3,4	2,7	2	1,8	1,8	1,7	1,3	1,9	2,9	3,4	4,1	2,6	5	3,4	2,2	4,3	2,5	2,3	2,3	2,8	3,6	4,8	3,9	7,4	4,8	3,6	2,9	4,3	3,5	-	-	-	-	-	-	-	-	-	-	-	-	-	-	-	-	-	3,9	2,6	2,3	3,3	2,6	1,3	2	2,1	1,4	1,8	3,3	3,4	3,7	5,9	3,55	3,43	4,2	3,99	3,05	3,83	2,82	2,86	-	-	-	-	-	-	-	-	-	-	-	-	-	-	-	-
Grenoble les Frenes	Métaux lourds	Cobalt	Cobalt	nanog/m3	-	-	-	-	-	-	-	-	-	-	-	-	-	-	-	-	-	-	-	-	-	-	-	-	-	-	-	-	-	-	-	-	-	-	-	-	-	-	-	-	-	-	-	-	-	-	-	-	0,6	0,9	0,6	0,3	0,4	0,4	0,7	0,5	-	-	0,9	0,3	0,5	0,3	0,4	0,3	0,4	0,3	0,2	0,2	0,3	0,3	0,4	0,2	0,3	0,2	0,2	0,2	0,2	0,2	0,2	0,2	0,2	0,3	0,3	0,6	0,6	0,4	0,3	0,6	0,8	2,4	0,2	0,3	0,3	0,4	0,7	0,5	0,5	0,3	0,5	0,4	0,4	0,5	0,4	0,4	0,4	0,3	0,1	0,1	0,2	0,2	0,2	0,1	0,1	0,1	0,1	0,1	0,2	0,2	0,1	0,3	0,14	0,09	0,18	0,18	0,14	0,25	0,11	0,11	0,16	0,3	0,25	0,21	0,15	0,14	0,2	0,2	0,16	0,23	0,27	0,15	0,28	0,31	0,6	0,54
Grenoble les Frenes	Métaux lourds	Cuivre	Cuivre	nanog/m3	-	-	-	-	-	-	-	-	-	-	-	-	-	-	-	-	-	-	-	-	-	-	-	-	-	-	-	-	-	-	-	-	-	-	-	-	-	-	-	-	-	-	-	-	-	-	-	-	30,8	31,4	9,1	7,5	8	8,5	13,2	9,3	-	-	11,8	11,4	14,7	10,8	9	7,4	7,6	7,2	5,2	8,2	14,9	15,2	18,7	13,2	14,6	11,4	10,6	9,3	8	8,6	14	10,9	13,9	17,9	15	15,1	22,1	23,5	13,7	11,7	9,5	11	7,5	8,5	11,4	17	27	17,9	14,7	12,6	14,3	6,3	7	13	10,2	10	13,6	20,3	23,1	15,4	14,7	11,9	12	19,6	7	9,7	7,8	7,6	13,6	11,4	13	26,3	16,43	11,86	17,48	10,41	6,94	10,07	6,71	8,52	12,23	13,69	14,61	18,58	16,63	14,52	12,57	8,09	7,31	9,09	9,93	8,1	10,73	12,57	24,91	32,01
Grenoble les Frenes	Hydrocarbure	Dibenzo(a,h)anthracène	Dibenzo(a,h)anthracène	nanog/m3	-	-	-	-	-	-	-	-	-	-	-	-	-	-	-	-	-	-	-	-	-	-	-	-	-	-	-	-	-	-	-	-	-	-	-	-	0,09	0,08	0,03	-	0,01	0,01	0,02	0,02	0,02	0,08	0,18	0,13	0,12	0,09	0,03	0,02	0,01	0,01	0,01	0,01	0,02	0,04	0,09	0,14	0,1	0,13	0,03	0,02	0,01	0,02	0,01	0,01	0,02	0,03	0,07	0,13	0,17	0,07	0,04	0,02	0,01	0,02	0,04	0,01	0,01	0,02	0,05	0,1	0,07	0,1	0,02	0,01	0,01	0,01	0,02	0,01	0,01	0,02	0,05	0,04	0,06	0,05	0,02	0,01	-	0,01	0,01	0,01	0,01	0,03	0,06	0,09	0,18	0,15	0,08	0,03	0,01	0,01	0,01	0,01	0,04	0,04	0,14	0,29	0,16	0,07	0,04	0,02	0,01	0,01	0,01	0,02	0,01	0,04	0,187	0,181	0,073	0,041	0,023	0,008	0,007	0,007	0,007	0,008	0,007	0,02	0,039	0,058
Grenoble les Frenes	En continu	Dioxyde d'azote	Dioxyde d'azote	microg/m3	42	45	36	25	21	20	19	17	25	29	35	42	49	43	41	28	22	21	17	19	25	28	37	40	52	43	34	22	19	18	20	14	24	28	37	41	39	42	27	24	18	17	16	16	21	26	27	35	37	40	24	18	15	15	14	12	18	25	30	40	44	31	26	19	17	13	11	14	18	23	34	34	39	34	30	23	20	14	13	17	19	22	28	37	33	37	22	14	11	10	11	12	20	20	33	31	29	29	24	15	15	14	12	14	22	24	25	33	32	30	27	20	13	14	13	11	17	19	25	36	34	28	27	20	15	16	14	14	20	24	31	27	28	27	23	20	15	15	15	14	16	24	34	36
Grenoble les Frenes	En continu	Dioxyde soufre	Dioxyde de soufre	microg/m3	10	11	6	-	4	2	2	0	1	4	7	11	13	10	9	5	2	1	1	0	1	3	4	11	13	7	5	3	1	2	2	1	1	2	5	7	8	10	4	4	1	1	1	1	1	2	5	6	7	6	3	2	1	1	1	0	1	1	3	5	4	3	2	2	2	1	1	1	0	2	4	3	4	3	2	2	1	1	1	0	1	2	3	5	6	5	2	2	1	1	1	0	0	1	4	3	5	4	1	1	0	1	1	1	1	1	3	3	4	3	2	2	1	0	0	0	1	1	4	8	7	5	5	3	2	1	0	0	1	1	3	3	3	3	2	1	0	0	0	0	0	1	3	5
Grenoble les Frenes	Volatil	EthylBenzene	EthylBenzene	microg/m3	-	-	-	-	-	-	-	-	-	-	-	-	-	-	-	-	-	-	-	-	-	-	-	-	-	-	-	-	-	-	-	-	-	-	-	-	1,4	1,3	0,9	0,7	0,7	0,6	0,6	0,6	0,7	1,1	0,9	1,1	-	1,3	0,6	0,5	0,6	0,5	0,5	0,5	0,7	1	0,6	0,7	0,7	0,5	0,4	0,4	0,4	0,4	0,4	0,5	0,7	0,8	1,1	0,6	0,5	0,5	0,5	0,6	0,4	0,5	0,6	0,5	0,5	0,5	0,4	0,5	-	-	-	-	-	-	-	-	-	-	-	-	-	-	-	-	-	-	-	-	-	-	-	-	0,4	0,3	0,3	0,3	0,3	0,3	0,3	0,3	0,4	0,4	0,5	0,81	0,53	0,25	0,51	0,26	0,23	0,31	-	1,74	0,43	0,46	0,5	0,4	0,37	0,4	0,32	0,28	0,28	0,27	0,31	0,24	0,27	0,39	0,7	0,8
Grenoble les Frenes	Hydrocarbure	Indéno(1,2,3-cd)pyrène	Indéno(1,2,3-cd)pyrène	nanog/m3	-	-	-	-	-	-	-	-	-	-	-	-	-	-	-	-	-	-	-	-	-	-	-	-	-	-	-	-	-	-	-	-	-	-	-	-	1,07	1,68	0,34	-	0,1	0,09	0,14	0,11	0,12	0,54	0,87	1,25	1,33	1,31	0,27	0,15	0,09	0,07	0,03	0,06	0,17	0,5	1,03	0,87	0,63	0,43	0,27	0,1	0,05	0,12	0,06	0,06	0,12	0,21	0,74	1,13	1,2	0,69	0,35	0,12	0,09	0,06	0,21	0,04	0,07	0,25	0,43	1,03	0,77	0,95	0,31	0,08	0,07	0,05	0,06	0,05	0,09	0,39	1,2	1	1,01	0,87	0,31	0,18	-	0,1	0,07	0,04	0,09	0,29	0,85	0,94	1,15	1	0,54	0,25	0,09	0,06	0,04	0,05	0,22	0,23	0,75	1,36	1	0,44	0,25	0,13	0,08	0,04	0,06	0,09	0,07	0,22	0,949	0,942	0,828	0,54	0,274	0,086	0,057	0,025	0,028	0,05	0,048	0,277	0,669	1,655
Grenoble les Frenes	Volatil	m+p-Xylène	m+p-Xylène	microg/m3	-	-	-	-	-	-	-	-	-	-	-	-	-	-	-	-	-	-	-	-	-	-	-	-	-	-	-	-	-	-	-	-	-	-	-	-	3,4	3	2,1	1,7	1,6	1,3	1,5	1,3	1,7	2,7	2	2,6	-	2,8	1,5	1,1	1,4	1,3	1,3	1,3	1,7	2,5	1,4	1,7	1,7	1,2	1	0,9	1,1	0,9	1	1,3	1,8	2,1	3,1	1,6	1,3	1,2	1,2	1,6	1,2	1,4	1,6	1,3	1,5	1,3	1	1,4	-	-	-	-	-	-	-	-	-	-	-	-	-	-	-	-	-	-	-	-	-	-	-	-	1,1	0,7	0,9	0,9	0,8	0,8	0,9	0,9	1,2	1,3	1,2	2,53	1,43	0,68	1,31	0,63	0,71	0,94	-	5,57	1,43	1,49	1,41	1,18	1,2	1,4	0,96	0,9	0,89	0,91	1,04	0,77	0,85	1,17	2,3	2,66
Grenoble les Frenes	Métaux lourds	Manganèse	Manganèse	nanog/m3	-	-	-	-	-	-	-	-	-	-	-	-	-	-	-	-	-	-	-	-	-	-	-	-	-	-	-	-	-	-	-	-	-	-	-	-	-	-	-	-	-	-	-	-	-	-	-	-	22,7	23	10,6	8,5	7	6,1	9,1	5,5	-	-	10	6,5	11,9	13,8	5,3	4	5,9	5,4	4,5	4,8	8,6	11,1	15,6	5,7	7,7	9,5	6,2	6,8	4,5	6	6,7	3,7	7,6	9,2	7,3	14,6	12,5	10,1	7,3	8,3	6,7	4,3	5,1	6,8	7,4	9	13,3	8,3	10,9	12,2	10,2	5,3	4,4	8,7	7,7	8,2	8,4	11,5	12,8	6,5	8	7,8	8	5,3	4,1	6,8	5,1	4,8	6,4	7,9	8	14,9	9,74	9,38	8,91	8,9	5,93	9,55	5,33	4,42	8,79	10,21	10,59	8,54	8,84	10,44	7,8	6,73	6,94	7,23	7,88	4,82	6,8	8,08	14,69	17,79
Grenoble les Frenes	Métaux lourds	Mercure	Mercure	nanog/m3	-	-	-	-	-	-	-	-	-	-	-	-	-	-	-	-	-	-	-	-	-	-	-	-	-	-	-	-	-	-	-	-	-	-	-	-	-	-	-	-	-	-	-	-	-	-	-	-	0,1	0,1	0,1	0,1	0,1	0,1	0,1	0,1	-	-	0,1	0,1	0,1	0,1	0,1	0,1	0,1	0,1	0,1	0,1	0,1	0,1	0,1	0,1	0,1	0,2	-	-	-	-	-	-	-	-	-	-	-	-	-	-	-	-	-	-	-	-	-	-	-	-	-	-	-	-	-	-	-	-	-	-	-	-	-	-	-	-	-	-	-	-	-	-	-	-	-	-	-	-	-	-	-	-	-	-	-	-	-	-	-	0,03	-	0,03	-	-	-	-
Grenoble les Frenes	En continu	Monoxyde d'azote	Monoxyde d'azote	microg/m3	31	28	9	4	2	1	1	2	5	16	36	41	46	20	10	5	2	1	1	2	6	17	27	23	42	18	8	4	2	1	1	2	4	13	30	40	39	28	7	4	2	2	1	2	5	14	17	33	35	26	7	3	2	1	1	1	6	11	17	21	23	9	4	2	1	1	0	1	3	7	24	18	24	10	10	3	1	1	0	1	4	8	14	24	21	21	12	6	4	4	4	4	5	8	35	28	24	8	6	2	2	2	1	1	6	14	26	17	19	12	7	4	2	2	1	1	5	12	18	43	31	9	7	4	1	1	1	2	5	11	34	29	26	10	6	3	3	2	1	2	3	14	33	74
Grenoble les Frenes	En différé, métaux lourds	Nickel	Nickel	nanog/m3	-	-	-	-	-	-	-	-	-	-	-	-	-	-	-	-	-	-	-	-	-	-	-	-	-	-	-	-	-	-	-	-	-	-	-	-	4,8	5,3	3,2	3,6	2,8	3,2	2,4	2,6	2,5	2,7	2,5	5,5	4,8	5,6	5,8	1,6	1,9	1,6	2,3	1,5	-	-	1,7	2	2,7	2,3	1,4	1,4	1,4	1,1	1	1,2	2	2,3	2,8	1,5	4,4	2,8	1,7	3,8	1,7	1,2	1,6	2	2,1	3,9	3,5	5,1	6	4,1	2,2	5,1	3,3	1,9	2,2	3,2	3,2	4,7	9	4,5	6,9	3,9	4,8	4,4	5,3	10,5	6,1	5,6	4,3	5,2	2,1	1,3	1,3	1,7	1,5	1,4	1	1,9	0,9	1	1,5	1,6	1,6	3	1,47	1,52	1,63	1,32	1,1	2,03	1,02	0,89	1,19	1,45	1,18	5,03	1,62	1,82	1,78	1,09	0,98	1,42	1,39	0,97	1,09	1,47	2,13	2,94
Grenoble les Frenes	Volatil	o-Xylene	o-Xylene	microg/m3	-	-	-	-	-	-	-	-	-	-	-	-	-	-	-	-	-	-	-	-	-	-	-	-	-	-	-	-	-	-	-	-	-	-	-	-	1,4	1,3	0,8	0,7	0,7	0,5	0,6	0,5	0,7	1,1	0,8	1	-	1,2	0,6	0,4	0,5	0,5	0,5	0,4	0,7	1	0,6	0,8	0,8	0,6	0,5	0,4	0,5	0,4	0,4	0,5	0,8	0,9	1,3	0,7	0,6	0,6	0,6	0,7	0,5	0,6	0,6	0,6	0,6	0,5	0,5	0,7	-	-	-	-	-	-	-	-	-	-	-	-	-	-	-	-	-	-	-	-	-	-	-	-	0,6	0,3	0,4	0,4	0,4	0,3	0,4	0,4	0,5	0,6	0,6	1,05	0,61	0,29	0,59	0,3	0,34	0,41	-	2,4	0,67	0,64	0,63	0,57	0,54	0,62	0,45	0,48	0,48	0,47	0,53	0,38	0,4	0,56	0,99	1,11
Grenoble les Frenes	En continu	Ozone	Ozone	microg/m3	18	20	40	56	70	72	80	63	50	21	13	11	15	34	43	57	67	77	70	53	36	18	12	12	9	22	43	58	57	80	82	54	44	23	22	12	12	17	46	66	56	56	60	53	41	16	16	9	11	16	40	57	58	54	57	45	27	14	15	7	12	24	39	54	59	57	60	57	-	24	14	11	9	23	34	55	50	52	69	46	34	23	17	-	14	16	28	55	62	50	53	57	31	20	8	13	12	22	39	-	-	63	66	66	40	19	16	15	10	26	33	43	45	-	-	-	-	-	-	18	18	32	42	47	54	67	48	41	33	20	11	12	14	18	25	46	50	64	88	61	44	12	9	4
Grenoble les Frenes	En continu	Particules PM10	Particules PM10	microg/m3	-	-	-	-	-	-	-	-	-	-	-	-	-	-	-	-	-	-	-	-	-	-	-	-	-	-	-	-	-	-	-	-	-	-	-	-	37	37	28	30	20	16	16	20	21	33	30	43	36	47	17	16	20	21	20	18	24	32	28	33	50	33	31	29	30	25	23	24	30	31	34	30	36	33	31	24	18	21	24	18	20	26	22	33	41	-	37	22	19	17	17	23	22	24	42	26	30	45	30	16	17	22	21	25	24	24	27	25	32	34	30	25	13	21	24	22	19	17	21	33	23	14	28	21	13	21	16	16	22	22	26	23	25	25	29	16	15	16	23	18	15	25	29	37
Grenoble les Frenes	En continu	Particules PM2,5	Particules PM2.5	microg/m3	-	-	-	-	-	-	-	-	-	-	-	-	-	-	-	-	-	-	-	-	-	-	-	-	-	-	-	-	-	-	-	-	-	-	-	-	29	29	24	23	15	12	12	15	15	28	25	39	31	38	13	13	-	-	14	13	18	24	24	30	37	25	20	19	18	-	19	18	19	20	26	-	-	27	23	17	13	14	18	16	16	22	-	-	30	39	29	13	13	16	13	17	16	19	35	22	25	38	21	10	11	13	12	14	13	15	20	20	26	29	23	18	7	10	13	12	12	-	13	25	17	8	19	9	6	10	8	7	12	12	18	17	20	20	23	9	9	9	13	11	8	17	20	30
Grenoble les Frenes	En différé, métaux lourds	Plomb	Plomb	nanog/m3	-	-	-	-	-	-	-	-	-	-	-	-	-	-	-	-	-	-	-	-	-	-	-	-	-	-	-	-	-	-	-	-	-	-	-	-	27,3	16,4	9,8	10,4	7,7	9,4	9,8	7,5	9,5	14,5	15,3	20,7	27,3	27,1	8,3	8,2	5,7	5,5	6,7	6,7	-	-	7,2	7,1	11	9,3	4,9	5	4,3	4,6	2,7	4	12,1	8,5	11,9	7,5	9,1	11,9	8,4	7	8,1	5,7	8,8	5,6	13,3	10,5	9,8	12,7	14,9	19,7	10,4	7	4,4	3,2	4,1	3,6	4,8	9,6	18,3	11,5	8,5	14,1	7,5	5,4	3,6	7,3	4,1	4,8	6,9	13,3	16,6	7,8	13,8	10,2	8,2	6,2	5,7	4,7	3,9	3,2	5,7	4,9	7,5	13,3	8,6	6,45	8,24	5,59	3,14	5,32	3,58	3,25	5,26	5,97	6,67	5,79	9,26	8,3	5,82	4,46	4,19	3,55	3,43	3,27	5,51	5,75	9,41	11,86
Grenoble les Frenes	Métaux lourds	Thallium	Thallium	nanog/m3	-	-	-	-	-	-	-	-	-	-	-	-	-	-	-	-	-	-	-	-	-	-	-	-	-	-	-	-	-	-	-	-	-	-	-	-	-	-	-	-	-	-	-	-	-	-	-	-	0,1	0,1	0,1	0,1	0,1	0,1	0,1	0,1	-	-	0,1	0,1	0,1	0,1	0,1	0,1	0,1	0,1	0,1	0,1	0,1	0,1	0,1	0,1	0,1	0,1	0,1	0,1	0,1	0,1	0,1	0,1	0,1	0,1	0,1	0,1	0,1	0,1	0,1	0,1	0,1	0,1	0,1	0,1	0,1	0,1	0,1	0,1	0,1	0,1	0,1	0,1	0,1	0,1	0,1	0,1	0,1	0,1	0,1	0,1	0,1	0,1	0,1	0,1	0,1	0,1	0,1	0,1	0,1	0,1	0,1	0,1	0,1	0,19	0,13	0,09	0,09	0,09	0,1	0,09	0,06	0,06	0,06	0,06	0,05	0,03	0,06	0,04	0,03	0,03	0,03	0,04	0,03	0,05	0,04	0,03
Grenoble les Frenes	Volatil	Toluène	Toluène	microg/m3	-	-	-	-	-	-	-	-	-	-	-	-	-	-	-	-	-	-	-	-	-	-	-	-	-	-	-	-	-	-	-	-	-	-	-	-	6,3	5,9	3,9	4	2,9	2,9	3	3	3,5	5,5	4,3	5,9	-	5,9	2,7	2	2,4	2,3	2,7	2,4	3	4,3	2,8	3,6	3,8	2,5	2,3	2,1	2,6	2,4	2,2	2,5	3,5	3,1	5,5	3	2,9	3	2,4	2,9	2	2,3	2,3	2,3	2,6	2,8	2,4	3	-	-	-	-	-	-	-	-	-	-	-	-	-	-	-	-	-	-	-	-	-	-	-	-	2,5	2,1	2,1	1,9	1,3	1,4	2,4	1,6	2,3	6,8	58,1	31,2	2,96	1,62	3,32	1,36	1,01	1,56	-	1,42	1,91	2,14	3,07	2,47	2,27	2,12	1,78	1,45	1,46	1,48	1,46	1,35	1,56	2,5	3,35	3,4
Grenoble les Frenes	Métaux lourds	Vanadium	Vanadium	nanog/m3	-	-	-	-	-	-	-	-	-	-	-	-	-	-	-	-	-	-	-	-	-	-	-	-	-	-	-	-	-	-	-	-	-	-	-	-	-	-	-	-	-	-	-	-	-	-	-	-	3,4	2,9	1,5	0,9	3,9	3,3	1,1	0,8	-	-	0,7	1	2	1,8	0,9	1,2	1,6	1	1	1,1	1	1,3	1,8	0,9	2,8	2	1,7	1,2	0,8	1,3	1,6	0,7	1,2	1,5	0,7	2,6	3,9	3,2	1,3	1,5	1,2	0,8	1,1	1,8	1	1,3	1,4	1,4	2,3	1,9	1,6	0,9	1,1	1,5	1	1,7	1,2	1	0,8	0,8	0,9	0,9	0,6	0,5	0,4	1,1	0,5	0,6	0,7	0,6	0,6	1,2	0,58	0,5	0,96	1,18	0,74	1,3	0,43	0,4	0,62	0,65	0,39	0,56	0,4	0,64	0,68	0,73	0,77	0,83	0,99	0,71	0,52	0,46	0,64	1,23
Grenoble les Frenes	Métaux lourds	Zinc	Zinc	nanog/m3	-	-	-	-	-	-	-	-	-	-	-	-	-	-	-	-	-	-	-	-	-	-	-	-	-	-	-	-	-	-	-	-	-	-	-	-	134,2	102,2	36,4	79,1	51,6	79,3	62,6	27,3	45,6	69,6	93,4	164	130,4	111	49,9	63,4	29,6	25,9	38,5	29,8	-	-	44,1	37,2	42,4	53,6	25,3	32,3	19,5	33,6	14,6	17,7	48,8	55,8	79,4	37,1	51,7	56,3	31,6	32,9	22,3	38,8	47,8	20,9	40	42,8	37	61,2	50,8	49,4	33,5	30,8	26,8	21,4	24,3	18,4	30,2	46,3	65	66,4	65,5	76	51,3	29,6	30	33,5	30,5	30,9	40	51,4	51,3	34,6	42,7	46,7	40,1	30,3	20,9	42,1	28,9	24,1	38,7	55,4	40,6	85,2	47,09	46,23	36,98	25,64	20,41	29,72	24,07	24,74	27,88	36,15	43,6	39,84	46,22	42,49	39,47	24,14	25,1	23,79	24,68	19,84	26,72	32,3	51,5	65,89
Grenoble Grands Boulevards	En continu	Dioxyde d'azote	Dioxyde d'azote	microg/m3	-	-	-	-	-	-	-	-	-	-	-	-	-	-	-	-	-	-	-	-	-	-	-	-	-	-	-	-	-	-	-	-	-	-	-	-	62	66	57	54	45	47	42	37	47	50	52	65	67	71	57	48	49	49	47	40	52	60	57	63	67	62	60	52	47	48	50	45	50	58	64	63	71	69	58	53	47	50	51	44	55	56	54	66	63	69	61	49	46	41	43	43	58	61	-	62	-	-	-	-	-	45	41	44	49	52	54	64	59	61	52	43	42	51	48	37	51	46	49	-	52	51	52	45	38	45	40	38	44	51	57	56	55	57	52	45	43	43	-	-	43	49	60	73
Grenoble Grands Boulevards	En continu	Monoxyde d'azote	Monoxyde d'azote	microg/m3	-	-	-	-	-	-	-	-	-	-	-	-	-	-	-	-	-	-	-	-	-	-	-	-	-	-	-	-	-	-	-	-	-	-	-	-	84	75	36	24	24	26	22	19	36	53	63	91	87	71	32	23	24	24	20	18	40	57	62	67	63	41	33	25	19	20	17	13	31	52	78	62	70	47	35	25	28	25	21	20	34	47	55	67	61	61	36	22	18	20	20	14	42	64	-	73	-	-	-	-	-	33	21	19	37	62	80	73	66	52	41	35	32	33	18	15	34	52	61	100	76	51	31	27	19	19	21	20	34	50	89	85	75	55	37	24	28	22	-	-	36	63	98	183
Grenoble Grands Boulevards	En continu	Particules PM10	Particules PM10	microg/m3	-	-	-	-	-	-	-	-	-	-	-	-	-	-	-	-	-	-	-	-	-	-	-	-	-	-	-	-	-	-	-	-	-	-	-	-	-	59	42	47	33	30	27	32	34	54	50	62	61	74	32	30	35	32	30	25	47	49	44	38	56	38	36	33	30	25	26	24	35	36	46	34	44	42	39	31	27	-	-	-	-	-	-	-	47	54	42	31	28	21	20	25	-	-	-	-	-	51	38	21	23	27	22	25	31	33	36	31	38	43	35	27	15	24	27	25	25	27	28	43	29	21	33	29	21	29	22	21	34	31	33	28	30	30	31	20	23	20	-	-	22	30	35	44
